,sample_size,kernel,weights,cor,res,time_outer,time_w,time_e
0,10,gaussian,"[ 0.06805389 -0.24307835 -0.15464535  0.42388966 -0.3492727   0.02966363
 -0.25055351 -0.19155376 -0.25839071 -0.0317599 ]","[ 0.14256911  0.15008647  0.02790994  0.1380756   0.14229186  0.06308111
  0.04259478 -0.01810886 -0.03575871  0.06385275]","[0.42871545 0.42495676 0.48604503 0.4309622  0.42885407 0.46845944
 0.47870261 0.50905443 0.51787936 0.46807362]","[0.03177643 0.04680157 0.06293988 3.8864224  4.84361625 0.12546611
 0.12588573 0.06802678 0.10839462 0.06253791]","[5.23090363e-04 1.56304836e-02 1.56259537e-02 2.71245432e+00
 2.77372813e+00 9.37752724e-02 7.86085129e-02 3.12576294e-02
 5.97958565e-02 3.12790871e-02]","[0.         0.01565146 0.00951862 0.54267931 1.42582035 0.01302099
 0.03124118 0.01562071 0.01562715 0.03125882]"
1,10,gaussian,"[-0.06570189  0.2418243  -0.07272697  0.02618099 -0.27463157 -0.38140003
 -0.07773605 -0.29422618  0.02056087  0.35150439]","[0.08626818 0.13595938 0.16827386 0.06711894 0.10256216 0.08980782
 0.06924557 0.07561418 0.07539171 0.04699985]","[0.45686591 0.43202031 0.41586307 0.46644053 0.44871892 0.45509609
 0.46537722 0.46219291 0.46230414 0.47650008]","[1.13389492 4.58361197 0.04690075 0.04732394 0.03128266 0.04729748
 0.0781517  0.04731297 0.06664324 0.01565123]","[5.79976320e-01 3.08090162e+00 0.00000000e+00 2.02250481e-03
 1.56462193e-02 1.56242847e-02 6.25312328e-02 3.16946507e-02
 3.53894234e-02 1.56512260e-02]","[0.         0.87108135 0.         0.01562762 0.         0.
 0.01562047 0.         0.03125381 0.        ]"
2,10,gaussian,"[-0.01629203 -0.11499863 -0.16497509  0.4844172  -0.39827536 -0.09695528
 -0.19618103 -0.28982403 -0.18419293 -0.03970699]","[ 0.15800654  0.13624782  0.08583287 -0.03057399  0.12885603  0.14592232
  0.04885481 -0.05397979  0.03390919 -0.03639196]","[0.42099673 0.43187609 0.45708357 0.51528699 0.43557198 0.42703884
 0.47557259 0.5269899  0.4830454  0.51819598]","[0.01562405 0.04731894 0.07856536 0.04687572 0.03168702 0.04687667
 0.09418941 0.07856417 0.04728246 0.09167147]","[0.         0.03127432 0.01561856 0.01562166 0.00501871 0.01562142
 0.04732084 0.04841995 0.01562929 0.06252074]","[0.         0.01604462 0.0473156  0.01562381 0.01101923 0.
 0.01562834 0.01452374 0.02313662 0.        ]"
3,10,gaussian,"[ 0.11670013 -0.13231076 -0.19222652  0.57359448  0.02506329 -0.29540827
 -0.42741678  0.11255185 -0.11000477  0.07824746]","[0.15739617 0.13607218 0.08984946 0.02293888 0.0776358  0.11461022
 0.06849795 0.09983448 0.02929903 0.04461937]","[0.42130191 0.43196391 0.45507527 0.48853056 0.4611821  0.44269489
 0.46575102 0.45008276 0.48535048 0.47769032]","[0.03125119 0.06292105 4.19791579 0.0625236  0.04731321 4.63748908
 0.0942018  0.09641767 0.0629468  0.07854962]","[0.         0.02764988 2.51343632 0.03123426 0.01604009 2.66203761
 0.06604528 0.04911399 0.04992104 0.04730153]","[0.         0.01562881 1.06374359 0.01565957 0.         0.94217801
 0.         0.01605296 0.01302576 0.03124809]"
4,10,gaussian,"[ 0.06790008 -0.29129453 -0.07836102  0.48920692 -0.15012934 -0.21609828
 -0.32458521  0.07843838 -0.15205892  0.39868888]","[ 0.15009783  0.13141698  0.0673284   0.07025847  0.064024    0.01383738
  0.09189796  0.0628035  -0.02317493  0.13364664]","[0.42495108 0.43429151 0.4663358  0.46487077 0.467988   0.49308131
 0.45405102 0.46859825 0.51158746 0.43317668]","[0.01562476 0.04731369 0.29767489 0.09419799 0.06292582 0.06249881
 3.81862926 0.04179549 0.07857656 6.66303802]","[0.         0.02217627 0.26651335 0.04989815 0.04730129 0.
 2.59313226 0.01561975 0.03167462 5.13782001]","[0.         0.00951838 0.0156343  0.01562595 0.01562452 0.
 0.64004803 0.         0.01562524 0.90742445]"
5,10,gaussian,"[-0.09319744 -0.30435041 -0.00713465  0.25617798 -0.37192956  0.02966047
 -0.0922804   0.06681605 -0.39652616  0.40317296]","[0.15604382 0.13677736 0.0924522  0.08287383 0.14368195 0.09796562
 0.12377949 0.02587331 0.12301281 0.01144177]","[0.42197809 0.43161132 0.4537739  0.45856309 0.42815903 0.45101719
 0.43811026 0.48706335 0.4384936  0.49427911]","[0.03067327 0.06952167 4.67150474 0.07856774 3.9087286  0.06294322
 0.04687262 0.06294012 7.41209888 0.09730816]","[0.01565289 0.02264404 2.6390388  0.04689431 2.58141947 0.04229617
 0.01562691 0.03166294 5.67499304 0.07859516]","[0.         0.03125119 1.20183849 0.0160439  0.78268528 0.02064705
 0.01562238 0.01564407 0.87862587 0.        ]"
6,10,gaussian,"[-0.18122496  0.02628195 -0.05066195  0.73714402  0.13113839 -0.45602106
 -0.55683478 -0.06418386  0.10207577  0.00747862]","[ 0.09593892  0.12495158  0.10919868  0.08211068 -0.00467803  0.09822221
  0.0432936   0.08308606 -0.01509618 -0.23519758]","[0.45203054 0.43752421 0.44540066 0.45894466 0.50233901 0.45088889
 0.4783532  0.45845697 0.50754809 0.61759879]","[1.08209157 4.30525255 0.1002121  0.07815361 0.06252551 4.63302159
 0.046803   0.10982275 0.1098392  0.5964458 ]","[0.75678825 2.78288126 0.         0.03125167 0.         3.08757162
 0.03127933 0.06252766 0.09065485 0.15555644]","[0.         0.86983109 0.01562691 0.015625   0.0156219  0.75963521
 0.01552367 0.0221529  0.01565719 0.4096117 ]"
7,10,gaussian,"[-0.15898383 -0.28552038  0.01907768  0.69233494  0.21054033 -0.10352236
 -0.63354066 -0.09128174 -0.30387279  0.25130925]","[0.17970937 0.14508023 0.12418254 0.05031278 0.07329821 0.13874605
 0.06846142 0.0799978  0.05275708 0.14415778]","[0.41014532 0.42745988 0.43790873 0.47484361 0.46335089 0.43062698
 0.46576929 0.4600011  0.47362146 0.42792111]","[0.02368164 0.07856011 0.21963787 0.06290865 0.06252241 4.19431281
 0.06730843 0.05489445 0.06252694 5.24542761]","[0.0080235  0.01604009 0.1612134  0.01664019 0.0468986  2.66174126
 0.02949309 0.02364802 0.03127432 4.16798472]","[0.         0.01562572 0.01562572 0.01562524 0.01562381 0.82947087
 0.02216482 0.01561952 0.01562309 0.45584655]"
8,10,gaussian,"[-0.17845931  0.04045072 -0.13058148  0.49340916 -0.06476771 -0.04413279
 -0.18312566 -0.16380862 -0.38424458 -0.20769864]","[0.16028621 0.12097184 0.09789468 0.10351536 0.0414664  0.13218079
 0.06487574 0.06599111 0.11859394 0.04237915]","[0.41985689 0.43951408 0.45105266 0.44824232 0.4792668  0.4339096
 0.46756213 0.46700444 0.44070303 0.47881043]","[0.03124881 0.04728413 0.06251073 3.46182823 0.07857275 3.3309176
 0.0629456  0.04687119 0.03528595 0.0468967 ]","[0.         0.         0.03125    2.1204555  0.04729152 2.09753036
 0.03126764 0.0156219  0.01566839 0.        ]","[0.         0.01814175 0.         0.67793226 0.         0.64788556
 0.01563811 0.01567149 0.01559162 0.0312717 ]"
9,10,gaussian,"[-0.23621803  0.0078386  -0.03461895  0.18918004 -0.67354158  0.08680514
 -0.40540161  0.05940206 -0.03964986 -0.13944225]","[0.16263173 0.11641383 0.10460748 0.02311745 0.08331226 0.07019929
 0.16075784 0.07315778 0.11270573 0.11824239]","[0.41868413 0.44179308 0.44769626 0.48844127 0.45834387 0.46490035
 0.41962108 0.46342111 0.44364713 0.44087881]","[0.015625   0.03728414 0.03125143 0.34550667 0.03124738 0.34547687
 0.08015108 0.06093192 0.02364254 0.03127408]","[0.         0.01564527 0.01562166 0.06692457 0.03124738 0.03126931
 0.04686594 0.02964926 0.01562238 0.        ]","[0.         0.         0.01562977 0.03477669 0.         0.00901389
 0.01563382 0.         0.00802016 0.        ]"
10,10,gaussian,"[-0.20403057 -0.07716611  0.0954805  -0.80174063 -0.55334955  0.04319633
  0.57201092  0.2619744   0.09985379 -0.08049085]","[ 0.13679672  0.10369299  0.10916288  0.08142392  0.04916652  0.14491347
 -0.02232862  0.08849394  0.18498901  0.1951113 ]","[0.43160164 0.4481535  0.44541856 0.45928804 0.47541674 0.42754326
 0.51116431 0.45575303 0.40750549 0.40244435]","[0.03126264 3.01199651 0.03835583 3.15749621 0.03442955 0.06543851
 0.03126979 0.04728889 0.04690099 0.35243201]","[0.         1.81762719 0.01562786 1.8638289  0.0187397  0.01553726
 0.         0.0070188  0.03127646 0.11455297]","[0.         0.85787463 0.00707006 0.79818988 0.01568985 0.01561999
 0.03126979 0.01562762 0.01562452 0.22005558]"
11,10,gaussian,"[-0.19723543 -0.03017463 -0.05203482  0.17118734 -0.09043599 -0.1838654
  0.08403173  0.13089382 -0.38851168 -0.10483085]","[ 0.0771302   0.16134271  0.11210291  0.14079316 -0.0390768   0.0138946
  0.10634269  0.09711019 -0.03005097 -0.01322009]","[0.4614349  0.41932864 0.44394855 0.42960342 0.5195384  0.4930527
 0.44682865 0.4514449  0.51502549 0.50661005]","[0.89404035 3.00053859 2.7333281  1.54029465 0.06253362 0.03167415
 0.03125691 0.0312407  0.05291414 0.06292319]","[0.47330213 1.83459997 1.73506331 1.22771168 0.06253362 0.01202393
 0.01562929 0.01562309 0.03726292 0.04678297]","[0.01562572 0.65439081 0.49166846 0.08660913 0.         0.01562309
 0.01562762 0.01561761 0.         0.01614022]"
12,10,gaussian,"[ 0.01632391  0.15276037 -0.19506878 -0.01382604 -0.01453289 -0.30068968
 -0.04634716  0.37632521 -0.05435859 -0.37250061]","[0.13294049 0.08357637 0.14824521 0.05792824 0.12855449 0.0392159
 0.10207717 0.04306314 0.0770532  0.01487349]","[0.43352976 0.45821181 0.4258774  0.47103588 0.43572275 0.48039205
 0.44896142 0.47846843 0.4614734  0.49256326]","[0.01561666 1.05439281 3.15604615 0.0473094  3.00965858 0.7883215
 0.29819012 0.04689741 0.0472939  0.34784341]","[0.         0.84447932 1.83027029 0.         1.83336043 0.68318343
 0.06258225 0.         0.03827763 0.06291723]","[0.00000000e+00 2.21455097e-02 8.74106169e-01 1.60322189e-02
 7.43156195e-01 2.15876102e-02 1.56168938e-02 1.56257153e-02
 9.01627541e-03 1.85728073e-04]"
13,10,gaussian,"[-0.12293905 -0.10485164  0.02247529  0.01207083 -0.15999863 -0.36571432
 -0.01981676  0.27867663 -0.37228425 -0.33291091]","[ 0.12875816  0.13235528  0.13698141  0.11008337  0.14377656  0.11212989
  0.14471596  0.06639074  0.05148332 -0.00486326]","[0.43562092 0.43382236 0.43150929 0.44495831 0.42811172 0.44393505
 0.42764202 0.46680463 0.47425834 0.50243163]","[0.0171566  3.29115009 3.42474246 0.03124237 0.34544206 2.78006387
 0.3007102  0.06251884 0.0322721  0.10983229]","[1.51324272e-03 1.80177116e+00 1.82590699e+00 1.56261921e-02
 2.35311985e-02 1.87438893e+00 8.11142921e-02 0.00000000e+00
 3.12500000e-02 7.85601139e-02]","[0.         0.91640759 1.19809532 0.         0.04687023 0.43361688
 0.01562643 0.0156467  0.         0.01562238]"
14,10,gaussian,"[-0.05933258  0.0785514  -0.02281452 -0.50971135  0.2059492  -0.11337276
 -0.06468164  0.29405009 -0.04183459 -0.50278942]","[ 0.13455091  0.08902417  0.13395133  0.13577519  0.10868501  0.09800045
 -0.13103346  0.07295269  0.00599201  0.10550889]","[0.43272455 0.45548792 0.43302434 0.4321124  0.44565749 0.45099978
 0.56551673 0.46352365 0.49700399 0.44724555]","[0.01562595 0.04728723 2.96890068 3.05084991 0.09422922 0.03125167
 0.12236977 0.04687476 0.04679489 4.42999148]","[0.         0.01563334 1.85535455 1.76117969 0.04694343 0.015625
 0.0785892  0.         0.03127146 3.46224284]","[0.         0.         0.63515019 0.79426551 0.02868176 0.01562667
 0.04378057 0.01562595 0.         0.45896792]"
15,10,gaussian,"[ 0.13957462  0.02395726 -0.26137263  0.02964413  0.2961004  -0.35453389
  0.37838187 -0.12979167 -0.19601406 -0.32759713]","[0.12273772 0.10234441 0.09212329 0.1677299  0.13830298 0.16997171
 0.06871094 0.05065768 0.17139101 0.00717613]","[0.43863114 0.44882779 0.45393836 0.41613505 0.43084851 0.41501414
 0.46564453 0.47467116 0.4143045  0.49641194]","[0.01561975 4.0485096  4.19422007 0.06292033 0.04687333 3.77244401
 0.15661693 0.04688382 3.90877128 0.0625248 ]","[0.         2.69517756 2.53463578 0.0316596  0.03125644 2.5186708
 0.12533545 0.03125978 2.57198644 0.03127742]","[0.         0.82301021 0.95153713 0.01562834 0.01561689 0.68733978
 0.         0.01562405 0.87465072 0.01561832]"
16,10,gaussian,"[-0.1437028   0.10023517 -0.09018832 -0.04807305 -0.23423685 -0.34166405
  0.48240018 -0.16862335 -0.43957767 -0.31350905]","[0.12198895 0.18845919 0.14999525 0.13239752 0.12128642 0.14720722
 0.15694878 0.05331736 0.05044042 0.0256931 ]","[0.43900552 0.40577041 0.42500238 0.43380124 0.43935679 0.42639639
 0.42152561 0.47334132 0.47477979 0.48715345]","[0.01603866 0.06507468 4.00446677 0.39188218 4.10357928 0.04729629
 3.79447031 0.07815337 0.03979301 0.06293941]","[0.00552034 0.04690409 2.69269204 0.04077411 2.57601404 0.02864933
 2.6532321  0.06252146 0.02414584 0.03128433]","[0.         0.01561999 0.76281929 0.01904011 0.97915506 0.
 0.57281423 0.         0.01564717 0.01603961]"
17,10,gaussian,"[ 0.08857413  0.00354745 -0.09472056  0.31757539 -0.0126757  -0.60351589
 -0.02609523 -0.03441351  0.12164114 -0.11239168]","[ 0.03735155  0.13324016  0.10632797  0.13688554  0.12051922  0.11980247
  0.07991274  0.12828655  0.01164752 -0.00284925]","[0.48132422 0.43337992 0.44683602 0.43155723 0.43974039 0.44009876
 0.46004363 0.43585673 0.49417624 0.50142463]","[0.91023302 0.07857966 4.19553828 0.18964458 4.1169796  3.8785038
 0.06250334 6.16803813 0.06249356 0.14151001]","[0.41392326 0.03127456 2.84046602 0.14153194 2.6488831  2.63868594
 0.03125453 4.93750453 0.03125024 0.110255  ]","[0.01562428 0.02715278 0.81302047 0.0156281  0.95018744 0.64243627
 0.         0.61324668 0.03124332 0.01562905]"
18,10,gaussian,"[ 0.03086805  0.03151929 -0.09562944 -0.09540127 -0.443051   -0.33424411
  0.1582334  -0.38341599 -0.30557801  0.19070907]","[ 0.12668608  0.16867126  0.12493532  0.12650484  0.08775939  0.15060385
  0.15914104  0.12156811 -0.0264232   0.03353713]","[0.43665696 0.41566437 0.43753234 0.43674758 0.4561203  0.42469808
 0.42042948 0.43921595 0.5132116  0.48323143]","[0.03128171 3.83355093 0.0785749  0.06250024 0.06241751 3.9466989
 4.39476466 0.0781548  0.06293297 0.04729962]","[0.         2.46853471 0.02565646 0.06250024 0.01561856 2.45913434
 2.83573651 0.06252265 0.03166652 0.        ]","[0.         0.82384539 0.01562524 0.         0.03115225 0.77422237
 0.85304952 0.01563215 0.01564717 0.01563287]"
19,10,gaussian,"[ 0.20997113 -0.10170383 -0.14392371 -0.00289365 -0.09922049  0.07157539
  0.05953844 -0.18581902  0.12061945 -0.32777057]","[8.24360731e-02 1.64454979e-01 1.12208405e-01 1.12822896e-01
 4.70199464e-02 3.31230496e-05 5.96890642e-02 8.12306717e-03
 5.73435760e-02 2.02054268e-02]","[0.45878196 0.41777251 0.4438958  0.44358855 0.47649003 0.49998344
 0.47015547 0.49593847 0.47132821 0.48989729]","[0.48660111 0.14107227 0.0472858  0.04687452 0.11264491 0.04690218
 0.10982466 0.07856774 0.06292462 0.09415889]","[0.06249833 0.09417892 0.01562619 0.         0.0312686  0.
 0.07866764 0.06294727 0.03166747 0.07551122]","[0.         0.01562333 0.         0.03125453 0.0267725  0.01565552
 0.0155282  0.01562047 0.01562786 0.01562881]"
20,10,gaussian,"[ 0.17148449  0.07842807 -0.13822871  0.03170655  0.25230114 -0.45351738
  0.01404718 -0.06634141  0.10872158 -0.12629516]","[0.0902219  0.14057392 0.11983765 0.06670058 0.02569655 0.11602554
 0.09207302 0.12632224 0.04862891 0.06998995]","[0.45488905 0.42971304 0.44008118 0.46664971 0.48715173 0.44198723
 0.45396349 0.43683888 0.47568555 0.46500502]","[0.5964365  0.07856536 0.06249714 0.0942049  0.04732037 0.06251717
 0.0775516  4.00643015 0.07856774 0.06243038]","[2.57487059e-01 2.01678276e-03 3.12483311e-02 4.72922325e-02
 1.56195164e-02 1.56271458e-02 4.62594032e-02 2.55058217e+00
 6.29396439e-02 3.11522484e-02]","[0.         0.04687309 0.         0.01565433 0.01052523 0.
 0.01565886 0.79783225 0.0156281  0.01562667]"
21,10,gaussian,"[ 0.10173809  0.08781531 -0.10485383 -0.21511176  0.19009568 -0.3063806
  0.48245603 -0.57563933  0.02219686  0.50410272]","[ 0.11830193  0.14599259  0.07369786  0.04903457  0.05460089  0.07424479
  0.10428894  0.08086431  0.18440689 -0.13517038]","[0.44084903 0.42700371 0.46315107 0.47548272 0.47269955 0.4628776
 0.44785553 0.45956785 0.40779656 0.56758519]","[0.03776884 0.07814789 0.04689837 0.06291604 0.05079865 0.07856965
 0.03124833 4.71278667 1.39858341 0.84680438]","[0.         0.         0.01561308 0.01563001 0.01562643 0.04691172
 0.03124833 3.31055546 0.5855422  0.43865299]","[0.         0.04690027 0.01565027 0.01562214 0.01954937 0.01604056
 0.         0.79110575 0.74748993 0.32045007]"
22,10,gaussian,"[ 0.16806602 -0.24031492 -0.21081185  0.32934947 -0.19320739 -0.10479943
 -0.51937123  0.27621381 -0.28438712 -1.24195712]","[0.14095043 0.15068161 0.13085305 0.12037197 0.11729242 0.05879637
 0.1924298  0.14471639 0.0345767  0.3053265 ]","[0.42952478 0.42465919 0.43457347 0.43981401 0.44135379 0.47060181
 0.4037851  0.42764181 0.48271165 0.34733675]","[0.0251689  0.06292677 3.92686224 3.95699501 0.04689932 0.04728961
 0.04687381 0.07856417 0.14148283 0.51953506]","[0.0156486  0.01252437 2.49657607 2.59041476 0.         0.01562572
 0.01562405 0.04277229 0.09620619 0.14321852]","[0.         0.04687357 0.76129246 0.60539222 0.01564837 0.0156219
 0.         0.01564646 0.         0.3310535 ]"
23,10,gaussian,"[ 0.13581545  0.19019529 -0.23097166 -0.350729   -0.02944013 -0.09322186
  0.33623339  0.2605286  -0.01608753 -0.66989563]","[0.13598497 0.13621045 0.1144801  0.08474921 0.05456803 0.0893712
 0.05262153 0.1376955  0.12332509 0.1072985 ]","[0.43200751 0.43189477 0.44275995 0.45762539 0.47271598 0.4553144
 0.47368923 0.43115225 0.43833746 0.44635075]","[0.01562619 0.06754041 0.07858849 0.05437922 0.09418559 4.16451645
 0.10981393 4.12716818 0.0625236  5.90761614]","[0.         0.02064514 0.04732847 0.0156064  0.03126812 2.83982897
 0.03124595 2.92543149 0.03127837 4.88888884]","[0.         0.03127122 0.         0.         0.01815152 0.66678357
 0.01603889 0.6410625  0.01562667 0.48297977]"
24,10,gaussian,"[ 0.18153685 -0.41001705 -0.09296412  0.21766841 -0.48501878 -0.19224724
  0.28604506 -0.38395162  0.15670482  0.17853147]","[0.10100257 0.14035911 0.16173887 0.07355461 0.15928755 0.15013272
 0.08139281 0.09791178 0.12732469 0.04005443]","[0.44949871 0.42982044 0.41913056 0.46322269 0.42035623 0.42493364
 0.4593036  0.45104411 0.43633765 0.47997279]","[0.95714617 0.07855892 0.04730344 4.14742804 3.71364307 0.06637955
 0.1098063  0.04728365 0.06253362 0.06293797]","[0.54947805 0.01561618 0.01101947 2.71591997 2.46354294 0.03257322
 0.06193018 0.01562238 0.03127146 0.04689598]","[0.         0.04731846 0.01562572 0.9233315  0.61974549 0.03127098
 0.03226018 0.01562691 0.01562786 0.00301981]"
25,10,gaussian,"[ 0.09549734  0.10917553 -0.18805871 -0.07855828 -0.05504668 -0.24696433
  0.17040229 -0.07894169 -0.2747844   0.09816983]","[ 0.15419984  0.13875601  0.13258602 -0.01149903  0.06929612  0.13166162
  0.02216564 -0.01475528 -0.01140822  0.02250347]","[0.42290008 0.430622   0.43370699 0.50574952 0.46535194 0.43416919
 0.48891718 0.50737764 0.50570411 0.48874826]","[0.03125143 0.09418368 4.00595784 0.0941987  0.07857275 4.13174772
 0.07554555 0.06295347 0.06292748 0.06250548]","[0.01562357 0.         2.62179351 0.01561475 0.01914263 2.89582443
 0.01562309 0.01563358 0.03126788 0.03124881]","[0.         0.04731226 0.81121516 0.01868272 0.01252294 0.64990115
 0.01562428 0.03170514 0.03064227 0.        ]"
26,10,gaussian,"[-2.66080652e-02  9.22438893e-02 -1.82282359e-01 -3.20049323e-01
 -8.67137516e-01 -2.40871793e-02 -4.39725083e-02 -1.30229088e-01
  1.52408477e-04 -3.20700587e-01]","[ 0.16108091  0.10493277  0.05810215  0.20538855  0.06552705  0.10922436
  0.02785564  0.1646569   0.0461204  -0.15858949]","[0.41945955 0.44753361 0.47094893 0.39730572 0.46723648 0.44538782
 0.48607218 0.41767155 0.4769398  0.57929474]","[0.0156498  3.88370538 0.2040031  4.3995986  0.06250072 0.07815552
 0.10979676 6.71161914 0.05892777 0.31382298]","[0.0156498  2.40708327 0.15711546 2.54981518 0.         0.04690194
 0.04990387 5.1072762  0.01202321 0.20700741]","[0.         0.92561483 0.01562524 0.80108166 0.01562428 0.01563096
 0.04426599 0.9123323  0.01565146 0.05291367]"
27,10,gaussian,"[ 0.05350997 -0.16963354 -0.15946514  0.14679561 -0.56239233  0.03596493
 -0.07017603  0.03006084 -0.21457731 -0.20861997]","[0.09902292 0.10423468 0.15055828 0.11826334 0.02784494 0.09106754
 0.0808527  0.06847038 0.03432076 0.05280476]","[0.45048854 0.44788266 0.42472086 0.44086833 0.48607753 0.45446623
 0.45957365 0.46576481 0.48283962 0.47359762]","[1.25538492 0.09419322 0.04687428 3.89565659 0.07856774 0.04730296
 0.06253147 0.06294107 0.07853746 0.0886693 ]","[0.95260429 0.03128338 0.03125024 2.52278185 0.04529619 0.03928065
 0.03127885 0.01562548 0.051404   0.06252432]","[0.         0.01562333 0.         0.7584548  0.01764679 0.
 0.01562476 0.03168988 0.         0.        ]"
28,10,gaussian,"[ 0.02992818  0.21939156 -0.19657426 -0.09941681 -0.31663032 -0.08349615
 -0.01811367  0.02939251 -0.35198508 -0.12617617]","[0.12124767 0.13258697 0.12203293 0.04983008 0.1440379  0.04420442
 0.08314059 0.02863644 0.10815246 0.04256272]","[0.43937617 0.43370651 0.43898354 0.47508496 0.42798105 0.47789779
 0.45842971 0.48568178 0.44592377 0.47871864]","[0.01562786 0.04687166 0.03066587 0.04687524 4.05232644 0.06452107
 0.03127813 0.0629425  5.29766273 0.04687262]","[0.01562786 0.01562548 0.         0.03125286 2.78144622 0.0468781
 0.01562929 0.0392952  3.612854   0.01563501]","[0.         0.0156188  0.         0.01562238 0.82634425 0.01562548
 0.         0.00802183 1.17657852 0.01561785]"
29,10,gaussian,"[ 0.11896698  0.02450476 -0.21254156 -0.09360607  0.06338569  0.36293821
  0.11244621  0.03673065 -0.47246855 -0.50729057]","[0.07970432 0.12878499 0.11094145 0.06912836 0.12181018 0.13232669
 0.05744897 0.11316561 0.14319419 0.0255164 ]","[0.46014784 0.4356075  0.44452928 0.46543582 0.43909491 0.43383665
 0.47127552 0.4434172  0.42840291 0.4872418 ]","[1.12980485 3.62998796 0.0316689  0.15670466 4.32423854 0.11139607
 0.04687381 0.03126884 0.10984063 0.07856488]","[0.70842218 2.2242167  0.01501846 0.1184299  2.69446015 0.04690075
 0.         0.01562309 0.07855749 0.03124881]","[0.         0.78437543 0.01665044 0.02264524 1.03730226 0.04084253
 0.01562524 0.01564574 0.01563215 0.03829408]"
30,10,gaussian,"[ 0.08379392 -0.16686411 -0.11144249 -0.08368985 -0.41712315  0.34027422
  0.34849494 -0.19551643 -0.35011604 -0.15677184]","[0.06735698 0.13322585 0.14454268 0.12536277 0.12285802 0.10086172
 0.04388908 0.11924839 0.07577783 0.03131725]","[0.46632151 0.43338708 0.42772866 0.43731862 0.43857099 0.44956914
 0.47805546 0.4403758  0.46211108 0.48434137]","[1.20139146 0.0472827  0.04687262 0.07856321 0.0473063  0.508569
 2.89300275 3.75237441 0.03166175 0.04687357]","[0.73953724 0.01562405 0.01562238 0.03124309 0.01864481 0.44915891
 2.49921203 2.61980414 0.01913714 0.03124785]","[0.         0.         0.01562309 0.00902224 0.         0.01562262
 0.0493741  0.61578608 0.0125246  0.01562572]"
31,10,gaussian,"[-0.00867475 -0.07591262 -0.13394088  0.03651347  0.23109402  0.18187982
  0.20166681 -0.05352363 -0.66057771 -0.34612531]","[0.06257912 0.06460688 0.19267286 0.15500586 0.11342605 0.10309322
 0.0822495  0.0004548  0.08757661 0.0922935 ]","[0.46871044 0.46769656 0.40366357 0.42249707 0.44328697 0.44845339
 0.45887525 0.4997726  0.4562117  0.45385325]","[1.04769325 1.1929059  0.03124762 0.03169656 1.80752587 0.10982013
 4.08753443 0.06293297 0.09417081 0.09416461]","[0.64172435 0.69010019 0.         0.00552344 1.41459346 0.07055449
 2.91734886 0.03577995 0.06802487 0.07853293]","[0.01565194 0.01562357 0.01562452 0.01052308 0.0312717  0.01561952
 0.57052898 0.         0.01562309 0.        ]"
32,10,gaussian,"[ 0.01576427  0.23386179 -0.14752987 -0.22732335  0.44530436  0.00089606
  0.13226572 -0.39217208 -0.55660749  0.05669667]","[0.13520308 0.12858935 0.10992381 0.16201813 0.13110727 0.11497977
 0.16652863 0.06868025 0.05811505 0.05973349]","[0.43239846 0.43570533 0.4450381  0.41899093 0.43444637 0.44251012
 0.41673569 0.46565988 0.47094247 0.47013325]","[0.0312531  3.96200633 0.05139875 0.08867598 0.08669639 0.07815933
 0.04964209 0.06293607 0.06293011 0.06252789]","[0.         2.57976031 0.00452447 0.04687834 0.04141998 0.01564741
 0.         0.04377198 0.03167844 0.04690051]","[0.         0.77980089 0.01562452 0.01565218 0.01562452 0.03126025
 0.02149129 0.         0.         0.01562738]"
33,10,gaussian,"[-0.03171223  0.20407457 -0.22398646  0.26462617  0.36335914  0.19604774
 -0.14038698  0.25266083 -0.51507368 -0.07759551]","[0.15023028 0.15730469 0.11076748 0.12244078 0.00763643 0.04463779
 0.10246148 0.0744713  0.11531621 0.11005391]","[0.42488486 0.42134765 0.44461626 0.43877961 0.49618179 0.47768111
 0.44876926 0.46276435 0.44234189 0.44497304]","[0.03117347 0.53347707 0.07857156 0.04728675 0.03127217 0.0629158
 0.06253099 0.09419394 0.04732251 0.10981297]","[0.         0.12539959 0.04690814 0.01152205 0.01564407 0.
 0.         0.03927064 0.01562548 0.08267164]","[0.         0.33255219 0.01604557 0.01562476 0.         0.01562238
 0.01562572 0.03127599 0.00202322 0.01562214]"
34,10,gaussian,"[-0.12397513  0.07120285 -0.10881345 -0.03644963  0.49110885  0.2394972
 -0.20595347  0.13146864 -0.43929073  0.04542501]","[0.17280457 0.09617093 0.09579619 0.00903732 0.13131892 0.081665
 0.09096389 0.13604793 0.04263862 0.00968078]","[0.41359772 0.45191453 0.4521019  0.49548134 0.43434054 0.4591675
 0.45451805 0.43197604 0.47868069 0.49515961]","[0.03124666 4.00673461 0.06294894 0.62943101 0.07857728 0.07856059
 0.07854962 0.06250048 0.03829193 0.06293893]","[0.01561809 2.83932734 0.01604724 0.40071869 0.0690546  0.04377532
 0.04728436 0.01563311 0.00702    0.03125119]","[0.         0.68037367 0.01565027 0.17232084 0.00952268 0.01564431
 0.01561785 0.03124213 0.01565123 0.01603937]"
35,10,gaussian,"[-0.07500919  0.29321867 -0.2535671   0.08214184  0.48937975  0.05585758
  0.1148476   0.61759869 -0.40267596 -0.38488664]","[ 0.17060478  0.10595695  0.15246849  0.1665311   0.05478929  0.10662618
  0.19403116  0.10044394 -0.00924637  0.03145003]","[0.41469761 0.44702153 0.42376576 0.41673445 0.47260535 0.44668691
 0.40298442 0.44977803 0.50462319 0.48427498]","[0.03124714 0.0473032  4.38386083 0.06253171 0.0785656  3.678895
 0.03327465 0.06252313 0.07856131 0.06293821]","[0.01562333 0.0105226  2.64406896 0.         0.06252289 2.58056188
 0.         0.04689908 0.03926444 0.03127003]","[0.         0.01563168 1.08806515 0.         0.00302029 0.6387372
 0.01562858 0.         0.02366948 0.        ]"
36,10,gaussian,"[ 0.07494672  0.0855403  -0.26113142  0.28648405  0.69677841  0.19452225
 -0.55244566  0.50053121 -0.60868757 -0.33043728]","[0.18228765 0.14768106 0.14538202 0.07999924 0.20683476 0.1484374
 0.11508795 0.11976565 0.07049535 0.10396573]","[0.40885617 0.42615947 0.42730899 0.46000038 0.39658262 0.4257813
 0.44245603 0.44011717 0.46475232 0.44801713]","[0.04687524 4.19075084 0.04380417 0.04729247 3.97456551 0.04731321
 0.06250381 0.06293154 0.09681797 0.0473001 ]","[0.03124499 2.71219254 0.01562285 0.02514553 2.80125427 0.01563168
 0.03125095 0.03428388 0.07217717 0.03124881]","[0.         0.91489458 0.         0.01562738 0.53297639 0.
 0.         0.02864766 0.0246408  0.0125289 ]"
37,10,gaussian,"[-0.14225933 -0.18909756  0.01371922 -0.08757537  0.66357019 -0.13553612
 -0.1859345   0.55630852 -0.57168601 -0.10253164]","[0.17459412 0.0919524  0.16188923 0.09413853 0.17312152 0.20209271
 0.0234323  0.12064113 0.04170109 0.02528118]","[0.41270294 0.4540238  0.41905539 0.45293073 0.41343924 0.39895364
 0.48828385 0.43967943 0.47914946 0.48735941]","[0.03124666 4.49341273 0.07855558 0.07856846 0.04687858 0.87619162
 0.44301701 0.06142211 0.10983658 0.12588   ]","[0.01562119 2.68205452 0.04278326 0.03170085 0.         0.1882596
 0.03131247 0.03130579 0.07004237 0.11025906]","[0.         1.27816558 0.02015448 0.03125048 0.         0.68793201
 0.03274488 0.         0.03127003 0.01562095]"
38,10,gaussian,"[-0.27111961  0.15365976 -0.15126978  0.25382578  0.43228845  0.02185265
 -0.03044135  0.25534084 -0.72712791 -0.75266283]","[0.17030151 0.09486515 0.21061467 0.12708557 0.1913473  0.1702938
 0.08512977 0.08387795 0.13896798 0.06848692]","[0.41484924 0.45256742 0.39469267 0.43645721 0.40432635 0.4148531
 0.45743511 0.45806103 0.43051601 0.46575654]","[0.03125787 0.06294441 0.20400119 3.6611433  0.0468986  0.04730392
 3.0901053  0.10980964 3.9092865  0.04687452]","[0.03125787 0.01566195 0.17276525 2.57967877 0.0312686  0.03167772
 2.62704682 0.05139685 2.52688003 0.03124666]","[0.         0.01604915 0.03123593 0.44801068 0.         0.01562619
 0.06903529 0.01564264 0.81739879 0.01562786]"
39,10,gaussian,"[ 0.02953209  0.18267219 -0.23396116  0.28193084  0.86317252 -0.14108778
 -0.41831208  0.47075716 -0.61800883 -0.18212647]","[0.17500237 0.19960725 0.17396994 0.07231637 0.22127477 0.0741382
 0.10832794 0.10867864 0.06563708 0.11533059]","[0.41249882 0.40019638 0.41301503 0.46384181 0.38936261 0.4629309
 0.44583603 0.44566068 0.46718146 0.4423347 ]","[0.03127408 0.07855964 0.04859257 0.04732084 0.12544441 0.0472877
 0.04690146 0.03166461 0.06253004 6.24330258]","[1.56247616e-02 1.56247616e-02 1.16157532e-03 4.23007011e-02
 4.22704220e-02 1.56223774e-02 1.56509876e-02 0.00000000e+00
 4.69081402e-02 4.98147750e+00]","[0.         0.03124714 0.01618028 0.         0.05192351 0.01714683
 0.         0.02314472 0.0156219  0.72610879]"
40,10,gaussian,"[ 0.03564943  0.14201346 -0.25791305 -0.068017    0.65216822 -0.09320035
  0.13194557  0.76021509 -0.39578625 -0.26574366]","[ 0.2003979   0.13765858  0.17190408  0.18053913  0.18013492  0.0502116
  0.12033197  0.06887848 -0.00225638  0.05215421]","[0.39980105 0.43117071 0.41404796 0.40973043 0.40993254 0.4748942
 0.43983401 0.46556076 0.50112819 0.4739229 ]","[0.03124571 4.38304043 0.09417677 0.06295061 0.04687405 0.09929538
 6.80009937 0.05791926 0.04226851 0.06252837]","[0.         2.70326352 0.06251836 0.06295061 0.         0.04687619
 5.07075143 0.02664709 0.04226851 0.03127909]","[0.         1.14055395 0.01562262 0.         0.01562595 0.
 1.16686368 0.01565218 0.         0.01562762]"
41,10,gaussian,"[-0.08934315  0.46210581 -0.18847966 -0.33434485  0.60220453 -0.17386732
  0.54785959  0.62900156  0.28228645 -0.80940583]","[0.1943008  0.17950442 0.1600608  0.21543692 0.13239044 0.07192277
 0.06364466 0.14990451 0.2643871  0.00687148]","[0.4028496  0.41024779 0.4199696  0.39228154 0.43380478 0.46403861
 0.46817767 0.42504774 0.36780645 0.49656426]","[0.03165722 0.07854056 0.12544036 0.05089331 3.85024452 0.06294131
 0.04687619 3.97416639 0.95704103 0.07051873]","[1.51681900e-03 3.87780666e-02 7.85703659e-02 3.52635384e-02
 2.65299964e+00 0.00000000e+00 3.12561989e-02 2.65604758e+00
 3.51590395e-01 3.12433243e-02]","[0.         0.03124642 0.01561975 0.         0.55641508 0.01502442
 0.         0.77354479 0.56518435 0.015625  ]"
42,10,gaussian,"[-0.00843115 -0.03846454 -0.19770702  0.20330649  0.25649625  0.00297118
  0.48341337  0.51929232 -0.17304283 -0.11769648]","[0.18289256 0.19708597 0.13674728 0.12079649 0.15529754 0.05746403
 0.07387798 0.13038066 0.08294397 0.03103723]","[0.40855372 0.40145702 0.43162636 0.43960175 0.42235123 0.47126798
 0.46306101 0.43480967 0.45852802 0.48448139]","[0.37978387 0.04689813 0.0785737  0.06290865 0.06250095 0.07815456
 0.06294847 4.02249837 0.04730654 0.06250691]","[0.01561761 0.         0.04732442 0.04728889 0.01562285 0.04687953
 0.05342746 2.76288939 0.04730654 0.03125238]","[0.01401973 0.03127337 0.01562595 0.01561975 0.01562357 0.01566005
 0.00952101 0.57870293 0.         0.        ]"
43,10,gaussian,"[-0.05997585  0.25978031 -0.24504484 -0.03317263  0.09951954  0.46275003
  0.25425066  0.50692375 -0.43737082 -0.04140955]","[0.20259268 0.11885175 0.17815759 0.18699871 0.14202191 0.04583168
 0.09134883 0.1224721  0.03637709 0.01232474]","[0.39870366 0.44057413 0.4109212  0.40650064 0.42898904 0.47708416
 0.45432558 0.43876395 0.48181145 0.49383763]","[0.01052189 0.76876545 0.09422827 0.07858515 4.64564228 0.07812619
 0.05642295 0.04731131 0.04686975 0.13446569]","[0.         0.34918523 0.         0.0312829  2.64965487 0.03124762
 0.02513814 0.00351977 0.03124595 0.10581279]","[0.         0.03124237 0.01607823 0.0286479  1.04614305 0.01563191
 0.01565647 0.         0.         0.01302361]"
44,10,gaussian,"[-0.02282754 -0.21833864 -0.10188972 -0.06921511  0.09011369  0.1346091
  0.70393424  0.60215463 -0.10153596  0.12435802]","[0.23267407 0.21162287 0.14667446 0.13134543 0.04633962 0.16971701
 0.06076555 0.10735071 0.06219031 0.04813965]","[0.38366297 0.39418856 0.42666277 0.43432729 0.47683019 0.4151415
 0.46961722 0.44632465 0.46890485 0.47593018]","[0.         0.09418011 0.06250596 0.05743861 0.1571157  0.10983682
 0.10982704 3.21917343 0.0473094  0.04687715]","[0.         0.04730868 0.04687572 0.04180717 0.06088829 0.05491567
 0.06292415 1.74794793 0.01562428 0.03124952]","[0.         0.03124642 0.01563025 0.         0.03128505 0.01562881
 0.01562381 1.23707128 0.00802898 0.        ]"
45,10,gaussian,"[-0.04836422  0.14564309 -0.19796154 -0.24930513 -0.36385472  0.23799183
  0.69366729  0.62985784  0.06250494  0.4077229 ]","[0.11785793 0.24124305 0.15200997 0.11750317 0.15813184 0.20576545
 0.1215598  0.12066317 0.03421742 0.02234588]","[0.44107104 0.37937847 0.42399502 0.44124841 0.42093408 0.39711727
 0.4392201  0.43966841 0.48289129 0.48882706]","[1.27545524 0.06295872 0.12543678 4.08415699 4.00473595 1.85166979
 0.04280758 0.04686785 0.06294632 0.04788303]","[1.02569795 0.         0.09429002 2.36381245 2.61693668 1.02492905
 0.01152515 0.03124499 0.03167129 0.03226018]","[0.01562691 0.01604486 0.01562524 1.03988123 0.79438615 0.56127596
 0.         0.         0.         0.        ]"
46,10,gaussian,"[ 0.09880107 -0.10519181 -0.10430871 -0.82989262 -0.40044591  0.72662629
  0.97183083 -0.05362059  0.04552347  0.07750142]","[ 0.2107935   0.21842288  0.09221122  0.13982242  0.12624755  0.18460282
  0.06284101  0.11523433  0.07896545 -0.22716678]","[0.39460325 0.39078856 0.45389439 0.43008879 0.43687623 0.40769859
 0.46857949 0.44238283 0.46051727 0.61358339]","[0.03125095 0.53946352 4.33622265 0.58079386 0.04967022 0.03168893
 0.37677002 0.03125119 0.06294656 0.62913013]","[0.01562095 0.15352416 2.56943274 0.1449759  0.         0.00402212
 0.0504272  0.01563001 0.01563168 0.30920649]","[0.         0.01562476 1.27255344 0.01664734 0.01779127 0.0120163
 0.03124666 0.         0.01863885 0.26653028]"
47,10,gaussian,"[ 0.08851341 -0.17070636 -0.07843727 -0.16014768 -0.42410254  0.32198317
  0.39165669  0.14437633  0.24950205  0.4920239 ]","[0.14821767 0.14045212 0.10972629 0.12069477 0.15956661 0.06016002
 0.07055246 0.030112   0.03401126 0.07577935]","[0.42589117 0.42977394 0.44513685 0.43965262 0.42021669 0.46991999
 0.46472377 0.484944   0.48299437 0.46211032]","[0.03127432 0.07855129 4.16703391 0.0316937  0.40619397 1.64720273
 0.04731584 0.07152772 0.09419703 0.03124785]","[0.03127432 0.03167367 2.83906674 0.0156517  0.05441499 0.88287878
 0.01564837 0.01562476 0.06252861 0.01562667]","[0.         0.01563382 0.74632668 0.01604199 0.         0.65795755
 0.01864719 0.         0.         0.01562119]"
48,10,gaussian,"[ 0.12091785 -0.15260717 -0.02087218 -0.80981341 -0.38139617  0.22287979
  0.85179345 -0.28347739  0.00764767  0.78824899]","[ 0.12652303  0.10849945  0.08119602  0.17497887  0.0848892   0.15404972
  0.08876423  0.1106397   0.10251542 -0.19687274]","[0.43673849 0.44575028 0.45940199 0.41251056 0.4575554  0.42297514
 0.45561788 0.44468015 0.44874229 0.59843637]","[0.02115607 0.04881382 0.07856965 0.04687738 0.06252289 0.04729676
 0.07815361 3.84243035 0.07853508 0.86239386]","[0.00552511 0.01562858 0.         0.04687738 0.03125501 0.02514601
 0.06252599 2.79991722 0.03166318 0.34586382]","[0.         0.0175612  0.03167057 0.         0.         0.01562667
 0.01562762 0.44891191 0.03125215 0.42276025]"
49,10,gaussian,"[ 0.1674316  -0.47906444 -0.01940853  0.09190577 -0.42026437  0.02607218
  0.28838059 -0.74269259  0.38354222  0.62861194]","[0.12539626 0.10687337 0.11043811 0.14852448 0.15330473 0.08740776
 0.04789923 0.08879868 0.14500484 0.25268386]","[0.43730187 0.44656331 0.44478094 0.42573776 0.42334763 0.45629612
 0.47605039 0.45560066 0.42749758 0.37365807]","[0.0156548  0.03124642 0.06297159 0.04687905 0.0539186  0.03165174
 0.0468936  0.0629487  6.38382268 0.21963215]","[0.         0.         0.02869177 0.01562619 0.022645   0.01602936
 0.01564455 0.05242753 5.3162446  0.07856154]","[0.         0.01561832 0.01866364 0.01562476 0.01564598 0.01562238
 0.01562381 0.         0.50144553 0.11042547]"
50,10,gaussian,"[ 0.13700209 -0.28451764 -0.11268504  0.0924639  -0.55788556  0.1984694
  0.33230502 -0.48989449  0.29029678  0.47484429]","[0.12503062 0.1361804  0.11639222 0.1112784  0.16850641 0.09238992
 0.15805783 0.05693717 0.11558374 0.0860854 ]","[0.43748469 0.4319098  0.44180389 0.4443608  0.4157468  0.45380504
 0.42097108 0.47153142 0.44220813 0.4569573 ]","[0.03166366 0.04690242 4.25417352 0.0468998  0.06293273 0.06301522
 0.06241775 0.06296206 0.0941968  0.06291461]","[0.00701761 0.01563025 2.57522297 0.         0.02166152 0.01562023
 0.01551795 0.03167534 0.07815385 0.04989552]","[0.         0.         1.04729486 0.01565313 0.         0.03125381
 0.03127289 0.01564884 0.01604295 0.        ]"
51,10,gaussian,"[-0.08751156 -0.21016085 -0.0138896   0.06904753 -0.29251     0.08717951
 -0.30268213  0.53665989  0.32881879  0.77725316]","[0.15780093 0.15121116 0.12311198 0.10765433 0.11063649 0.08342734
 0.09521354 0.14949124 0.13261252 0.05867952]","[0.42109954 0.42439442 0.43844401 0.44617283 0.44468176 0.45828633
 0.45239323 0.42525438 0.43369374 0.47066024]","[0.01562691 4.11681914 0.06294966 0.07855415 4.19482183 0.06294012
 0.03124642 0.06294942 0.09418845 0.08124423]","[0.         2.73232961 0.03124523 0.0160358  2.59473562 0.03429627
 0.         0.03480077 0.07204843 0.04730701]","[0.         0.88627291 0.01402831 0.03124762 1.05046988 0.01562238
 0.01562047 0.0125227  0.00652242 0.01828599]"
52,10,gaussian,"[ 0.07975128 -0.05231686 -0.05611906 -0.791845    0.67547635  0.52014518
  0.94075331 -0.05998443  0.01204387  0.9199046 ]","[0.16795157 0.11738069 0.14795513 0.18210989 0.06281633 0.07255912
 0.1976885  0.16232316 0.35783656 0.02046914]","[0.41602422 0.44130966 0.42602243 0.40894505 0.46859183 0.46372044
 0.40115575 0.41883842 0.32108172 0.48976543]","[0.04687309 4.2090261  0.10979962 0.03729844 0.04738998 0.04690766
 0.03166294 0.06253028 1.6319356  0.07814741]","[0.01562476 2.90537453 0.03124952 0.00602555 0.01614213 0.03126049
 0.         0.06253028 1.00727224 0.04689956]","[0.         0.68445897 0.04730868 0.01565337 0.03124785 0.01564717
 0.02214527 0.         0.35113144 0.03124785]"
53,10,gaussian,"[ 0.107813   -0.53332537  0.0375329  -0.05884531  0.49158246  0.2787087
  0.25215308 -0.26232908  0.57856632  0.1609633 ]","[0.16856845 0.16270671 0.12267714 0.16410433 0.15369725 0.22831924
 0.15536375 0.04222421 0.13838468 0.07847144]","[0.41571577 0.41864665 0.43866143 0.41794783 0.42315138 0.38584038
 0.42231812 0.47888789 0.43080766 0.46076428]","[0.01565337 0.06249595 3.74920368 0.1098206  0.04730296 0.0625031
 6.73995876 0.09420538 0.04687262 0.06293702]","[0.         0.01562405 2.29613829 0.03480959 0.01563168 0.01562428
 5.13478231 0.05342841 0.015625   0.04731607]","[0.         0.         0.97037244 0.04686666 0.01865053 0.01563144
 1.00053477 0.03125691 0.03124762 0.01562095]"
54,10,gaussian,"[ 0.00834029 -0.2379353  -0.094712    0.34647712  0.29620284  0.04037569
 -0.36172542  0.04992231  0.71084613 -0.61325373]","[ 0.18732097  0.09591806  0.1193481   0.10045306  0.09755917  0.13935427
  0.02931716  0.14033333  0.17211456 -0.10184343]","[0.40633952 0.45204097 0.44032595 0.44977347 0.45122041 0.43032287
 0.48534142 0.42983334 0.41394272 0.55092172]","[0.03166676 3.94230413 4.11452651 2.92491913 0.04689217 2.66786528
 0.19099021 0.02867341 0.06249857 0.0695436 ]","[0.01562095 2.59503937 2.60686827 1.76536989 0.         1.73745298
 0.12190557 0.         0.04687023 0.0695436 ]","[0.         0.78614426 0.89984536 0.73998213 0.01562119 0.44434237
 0.01562214 0.         0.01562834 0.        ]"
55,10,gaussian,"[ 0.24095286 -0.47580289 -0.12262488  0.15484934  0.68052572 -0.0750139
  0.19578794 -0.0966796   0.52998021 -0.46234557]","[0.19759015 0.17847959 0.14750608 0.21138015 0.09904956 0.15126262
 0.14266788 0.15878837 0.03494141 0.12329319]","[0.40120492 0.4107602  0.42624696 0.39430993 0.45047522 0.42436869
 0.42866606 0.42060581 0.4825293  0.4383534 ]","[0.03169847 0.03125048 0.06293392 0.06291676 0.03124952 0.28473711
 0.03322744 0.04689956 0.07854629 0.03125405]","[0.01604962 0.01562548 0.02614355 0.04276466 0.         0.0599184
 0.01562405 0.03122902 0.05490637 0.03125405]","[0.         0.         0.02114058 0.         0.01563263 0.01828575
 0.         0.         0.00801587 0.        ]"
56,10,gaussian,"[ 0.22663992 -0.40846148 -0.02464799 -0.28354438  0.75463327 -0.18326217
  0.65384257 -0.56753957  0.4472362  -0.19714303]","[0.13110152 0.17595174 0.16750569 0.06466427 0.14731953 0.15577578
 0.08832249 0.29389341 0.04830246 0.15144692]","[0.43444924 0.41202413 0.41624716 0.46766787 0.42634024 0.42211211
 0.45583875 0.3530533  0.47584877 0.42427654]","[0.7374413  0.03114295 0.14109087 1.75722694 0.03128815 2.8656249
 0.0625248  0.31422544 0.04687643 4.33698249]","[0.41209602 0.         0.07856894 0.40619278 0.         1.82236481
 0.03127217 0.08557224 0.03124785 3.3157537 ]","[0.         0.0156219  0.01562428 1.29210806 0.0156486  0.55980921
 0.01562357 0.20050669 0.         0.56342959]"
57,10,gaussian,"[ 0.18135942 -0.32415764 -0.01613193 -0.00873845  0.63077734 -0.26279567
  0.02409303 -0.32198744  0.60657157 -0.50091457]","[ 0.16217194  0.18627211  0.19675282  0.15665824  0.05279989 -0.00104994
  0.15327759  0.13903356  0.02815132  0.10261234]","[0.41891403 0.40686395 0.40162359 0.42167088 0.47360005 0.50052497
 0.4233612  0.43048322 0.48592434 0.44869383]","[0.01564837 0.06250477 0.03126669 2.87783647 0.03384542 0.0317595
 0.03116202 0.04687357 0.03167987 4.52343774]","[0.         0.         0.01562142 1.79057074 0.01821828 0.
 0.03116202 0.03125    0.00651813 3.47193527]","[0.         0.03125358 0.         0.63806844 0.         0.01562071
 0.         0.         0.00951457 0.69452333]"
58,10,gaussian,"[ 0.14838994  0.01609309 -0.23802502  0.4557245   0.48591248 -0.32013456
 -0.37697864  0.41124974  0.5929053  -0.78150163]","[0.18580431 0.12888371 0.17999434 0.09079882 0.04205625 0.198428
 0.12427316 0.06447383 0.17244115 0.04297323]","[0.40709785 0.43555815 0.41000283 0.45460059 0.47897187 0.400786
 0.43786342 0.46776308 0.41377943 0.47851339]","[0.01603746 2.92168927 0.03125143 0.12547731 0.0629909  0.06290245
 0.04902196 0.0472784  0.06250024 0.03168726]","[0.         1.87760806 0.01563025 0.0941503  0.02621102 0.03226185
 0.01652765 0.02664208 0.03125215 0.03168726]","[0.         0.60019708 0.01562119 0.03132701 0.00552416 0.
 0.         0.0050168  0.         0.        ]"
59,10,gaussian,"[ 0.18146274 -0.40621667 -0.05783265  0.38908205  0.33505164  0.12492799
 -0.86565179  0.33195492  0.18733704  0.51654881]","[0.18957731 0.1294251  0.13065157 0.08049178 0.06162369 0.12290615
 0.16157012 0.12503989 0.22110669 0.04620534]","[0.40521135 0.43528745 0.43467421 0.45975411 0.46918816 0.43854692
 0.41921494 0.43748006 0.38944665 0.47689733]","[0.01561928 0.44926214 2.71455646 0.04687762 0.40806818 0.04731703
 2.84503222 0.04734635 0.20401573 0.04687262]","[0.         0.06142426 1.82739472 0.01568341 0.15712905 0.015625
 1.76473308 0.02116299 0.15260601 0.01562238]","[0.         0.03224611 0.36988211 0.01562524 0.25093913 0.
 0.55243516 0.01052547 0.03126884 0.        ]"
60,10,gaussian,"[ 0.14318936 -0.02238799 -0.18623974  0.63568702  0.24995671 -0.08962996
 -1.11725431 -0.05867114  0.23717365 -0.42421959]","[ 0.17471974  0.12503622  0.10526226  0.17195306  0.1857159   0.08858564
  0.16879393  0.13243149  0.0343683  -0.07940669]","[0.41264013 0.43748189 0.44736887 0.41402347 0.40714205 0.45570718
 0.41560304 0.43378425 0.48281585 0.53970334]","[0.00801826 2.87462711 0.05010939 0.03129244 0.04726553 0.28255343
 0.06652832 0.06252694 0.06295204 0.10980248]","[0.         1.66082478 0.01836491 0.01566434 0.03122544 0.03124976
 0.03528047 0.03127289 0.02567768 0.06252885]","[0.         0.6996789  0.00805926 0.0156281  0.         0.01562142
 0.01562238 0.         0.         0.01561666]"
61,10,gaussian,"[ 0.12250607 -0.04593381 -0.09689046  0.06116569  1.10670494 -0.00880712
 -0.24237683 -0.03322093 -0.89809489  0.72783557]","[0.11838632 0.10451466 0.09058131 0.13577785 0.10002368 0.13247033
 0.04542481 0.23609729 0.08818419 0.28797158]","[0.44080684 0.44774267 0.45470935 0.43211108 0.44998816 0.43376484
 0.4772876  0.38195135 0.45590791 0.35601421]","[0.72384858 0.23366356 0.05139256 0.04279375 0.06290746 4.5455339
 0.03172708 0.28214979 0.03228259 0.17272091]","[4.13585901e-01 8.02540779e-03 2.01466084e-02 4.27937508e-02
 2.11410522e-02 3.34996676e+00 0.00000000e+00 2.41872311e-01
 1.01447105e-03 1.09815359e-01]","[0.01764083 0.20198894 0.01562214 0.         0.01562691 0.65791416
 0.01562285 0.03125334 0.01568007 0.04727674]"
62,10,gaussian,"[-0.04197607  0.20720742 -0.16392397  0.03671929  0.78886041 -0.06006084
  0.09816417 -0.27999774 -0.21918903  0.04198333]","[ 0.14209474  0.10434998  0.10329984  0.04607905  0.01024968  0.03500494
  0.15144371  0.13840092  0.09498201 -0.03608807]","[0.42895263 0.44782501 0.44835008 0.47696048 0.49487516 0.48249753
 0.42427815 0.43079954 0.45250899 0.51804404]","[0.01562405 0.10981131 2.93958092 0.0313158  0.04732609 0.04687405
 0.03167987 0.03127456 0.04730344 0.18795013]","[0.         0.01766634 1.63810539 0.0313158  0.01964235 0.03124118
 0.         0.01565433 0.01604462 0.15667963]","[0.         0.04527426 0.77133369 0.         0.01566267 0.01563287
 0.01815629 0.01562023 0.01562572 0.01562667]"
63,10,gaussian,"[ 0.161334   -0.15411203 -0.18323707 -0.20023572  1.03247072  0.05638673
  0.14954073  0.15556153 -0.36215348 -0.36280128]","[0.17962038 0.15117822 0.1417031  0.03571321 0.17150628 0.18035261
 0.06714721 0.07682318 0.01002207 0.10667334]","[0.41018981 0.42441089 0.42914845 0.4821434  0.41424686 0.4098237
 0.46642639 0.46158841 0.49498896 0.44666333]","[0.01566887 0.09418869 2.68327999 0.04687262 0.04733849 0.03125525
 0.06306458 0.07856202 0.04687595 3.28223562]","[0.         0.         1.76243973 0.         0.01564455 0.
 0.04692197 0.03167176 0.01562524 2.18955374]","[0.         0.08316112 0.52340484 0.         0.01605535 0.
 0.01614261 0.03124428 0.01562476 0.71111417]"
64,10,gaussian,"[-0.10646998 -0.63755128  0.1294184  -0.05121435  0.51074165 -0.43567964
  0.20387254 -0.2526512  -0.37812736  0.53967187]","[0.19168933 0.13497083 0.14772948 0.18322687 0.17575219 0.13095708
 0.20095168 0.07815562 0.07920146 0.03521749]","[0.40415534 0.43251459 0.42613526 0.40838657 0.4121239  0.43452146
 0.39952416 0.46092219 0.46039927 0.48239125]","[0.01562667 0.06296039 0.01563048 0.03167129 3.22412157 3.59909225
 0.07854104 0.07815337 0.016047   0.04687333]","[0.         0.0312922  0.         0.         2.07570004 2.51421928
 0.05438685 0.04690123 0.016047   0.03124928]","[0.         0.01202416 0.01563048 0.         0.52367496 0.47038269
 0.02415419 0.01562285 0.         0.01562405]"
65,10,gaussian,"[ 0.18985998  0.02469936 -0.20241226  0.04165439  0.80035958 -0.41540726
 -0.22779219 -0.02587533 -0.47218977  0.4582658 ]","[ 0.19994727  0.18720276  0.18313843  0.16770971  0.09428116  0.14650451
  0.06420476  0.15927616 -0.01555984  0.04504081]","[0.40002636 0.40639862 0.40843078 0.41614515 0.45285942 0.42674775
 0.46789762 0.42036192 0.50777992 0.4774796 ]","[0.0206387  0.15672493 3.94178843 0.0469048  3.64608669 0.06250525
 0.0629487  6.4716928  0.09419107 0.06251383]","[5.01751900e-03 7.81512260e-02 2.70038581e+00 3.12795639e-02
 2.49540281e+00 0.00000000e+00 6.51884079e-03 5.12739682e+00
 7.85629749e-02 4.68904972e-02]","[0.         0.03168058 0.57721925 0.         0.71627927 0.03125286
 0.05642986 0.71756315 0.         0.01562333]"
66,10,gaussian,"[ 0.04521342  0.05631803 -0.18663614 -0.25876066  0.56800018 -0.37357713
  0.26613666  0.34277833 -0.78793287  0.28474688]","[0.19406474 0.10321774 0.23737386 0.12028273 0.20171488 0.06767295
 0.12328665 0.03625623 0.0206854  0.00730437]","[0.40296763 0.44839113 0.38131307 0.43985863 0.39914256 0.46616352
 0.43835668 0.48187189 0.4896573  0.49634781]","[0.40800738 4.64542937 0.06295562 3.92523861 0.44880414 0.06252122
 0.03117895 0.0690186  0.05642176 0.06293821]","[0.03830886 2.70309448 0.01562595 2.53088641 0.33494449 0.03126788
 0.         0.05338931 0.04080701 0.03125   ]","[0.         1.36210418 0.01563001 0.6946764  0.06251836 0.01563072
 0.03117895 0.01562929 0.01561475 0.01603937]"
67,10,gaussian,"[-0.18805029 -0.04742087  0.02614009 -0.17480387  0.48154755 -0.28456805
  0.0660826   0.0817865  -0.98003747  0.40526574]","[0.17202081 0.21122527 0.10026904 0.1768874  0.08212098 0.14076159
 0.15538116 0.09406484 0.07947581 0.0314239 ]","[0.41398959 0.39438736 0.44986548 0.4115563  0.45893951 0.42961921
 0.42230942 0.45296758 0.46026209 0.48428805]","[0.03124428 0.1697557  4.25464153 0.06250596 0.10220742 6.40346527
 3.64587307 0.04731917 0.04687524 0.04730916]","[0.03124428 0.12544632 2.77821374 0.01562834 0.04128432 5.32153654
 2.38381219 0.01562667 0.01562357 0.03168774]","[0.         0.02868462 0.84830594 0.01562762 0.01565433 0.56962991
 0.63513827 0.01604104 0.01562333 0.        ]"
68,10,gaussian,"[-0.26722032  0.28936031  0.06584699  0.37222949  0.05030392 -0.18964628
 -0.17936841  0.37167169 -0.39112017  0.1292414 ]","[0.07027632 0.20604784 0.11966921 0.10021603 0.03992817 0.19217078
 0.04112744 0.14831278 0.04994925 0.0544831 ]","[0.46486184 0.39697608 0.4401654  0.44989198 0.48003592 0.40391461
 0.47943628 0.42584361 0.47502537 0.47275845]","[0.99163246 0.06294632 0.06902671 0.04689837 0.06292415 0.39240813
 0.07858753 3.82773256 0.07856631 0.03125286]","[0.64081788 0.         0.01562381 0.03124857 0.03478169 0.03126311
 0.02715302 2.57035637 0.0473125  0.01562715]","[0.         0.01614404 0.01562786 0.0156498  0.01562548 0.01562762
 0.01563072 0.66772676 0.01562738 0.01562572]"
69,10,gaussian,"[-0.19554723 -0.10866624  0.11028646  0.57814919  1.05790468  0.1008534
 -0.13322277  0.03732057 -0.38679195  0.22717208]","[0.15536585 0.14130113 0.10495572 0.16484756 0.02415205 0.13320977
 0.25174773 0.06538984 0.05916852 0.03453087]","[0.42231707 0.42934943 0.44752214 0.41757622 0.48792397 0.43339511
 0.37412614 0.46730508 0.47041574 0.48273457]","[0.01565027 3.69189095 0.12543368 4.06948733 0.50677323 4.13209915
 1.52259731 0.06249785 0.45819831 0.07857132]","[0.         2.26290417 0.04689717 2.46392584 0.40557027 3.04166508
 1.15182328 0.03125453 0.01502419 0.01764035]","[0.         0.7560606  0.03165889 0.95092964 0.04728746 0.44464326
 0.11131382 0.01562095 0.         0.01565909]"
70,10,gaussian,"[-0.20503794  0.04941416 -0.01958141  0.3858925   0.16075764 -0.06635956
 -0.17932625 -0.27880909 -0.65919314  0.40158405]","[1.07243850e-01 1.45679245e-01 5.14948333e-02 1.18603720e-01
 1.69012510e-01 6.83033476e-05 9.66887849e-02 7.91332580e-02
 1.06144403e-01 3.10323245e-02]","[0.44637808 0.42716038 0.47425258 0.44069814 0.41549374 0.49996585
 0.45165561 0.46043337 0.4469278  0.48448384]","[1.26285291 0.07856917 0.07855344 0.08044076 0.06250095 0.10980582
 0.06249857 0.03169179 6.46516585 0.07858205]","[0.90766907 0.01564598 0.0156498  0.02114224 0.         0.07814932
 0.03125024 0.00652266 5.0068922  0.06295228]","[0.         0.01604033 0.0156281  0.01562691 0.01562285 0.00651693
 0.         0.         0.84846854 0.01562977]"
71,10,gaussian,"[-0.26416744  0.14425662  0.08396247  0.10564004 -0.068281    0.07923412
 -0.30215932 -0.88291936 -0.30232677  0.24841252]","[0.0907019  0.1005214  0.13614693 0.1103718  0.17351133 0.2112721
 0.05334588 0.14348074 0.05963339 0.03304633]","[0.45464905 0.4497393  0.43192654 0.4448141  0.41324434 0.39436395
 0.47332706 0.42825963 0.4701833  0.48347684]","[0.90123296 0.04689908 3.68873191 4.49191427 0.04677725 5.86297297
 0.06294274 0.06802487 0.0942378  0.04687548]","[0.55213571 0.03124642 2.65423203 3.01298451 0.01562858 3.98996282
 0.03124833 0.04688716 0.04692125 0.03125095]","[0.         0.01565266 0.42131639 0.79179478 0.01562357 1.32950544
 0.03169441 0.0156157  0.01562119 0.01562452]"
72,10,gaussian,"[-0.23220079  0.00719412  0.12879345 -0.34649579  0.13655374 -0.0421064
  0.29455756 -0.42949708 -0.71138491  1.27030463]","[ 0.0826508   0.10426463  0.16757197  0.13522801  0.1177958   0.06702961
  0.11973197 -0.02929313  0.06659996 -0.29341744]","[0.4586746  0.44786768 0.41621401 0.43238599 0.4411021  0.46648519
 0.44013401 0.51464656 0.46670002 0.64670872]","[1.54390287 0.06295013 0.06601858 0.10973072 0.07816005 0.11335397
 0.09419823 0.09418511 0.06250024 0.41862154]","[1.01192498 0.04429793 0.01561499 0.03767204 0.04690075 0.07908249
 0.04689837 0.06251717 0.         0.21498179]","[0.         0.01562786 0.01861906 0.04692435 0.         0.01562166
 0.03125167 0.         0.         0.17233443]"
73,10,gaussian,"[-0.27470537 -0.0084624   0.06869905  0.21888133 -0.73558859  0.01163186
 -0.44097777 -0.34934153 -0.26740271  0.47094952]","[0.15809124 0.0978516  0.10725487 0.18485195 0.02389589 0.10468266
 0.01277558 0.1008382  0.20757354 0.01793472]","[0.42095438 0.4510742  0.44637257 0.40757402 0.48805205 0.44765867
 0.49361221 0.4495809  0.39621323 0.49103264]","[0.03125358 0.06297255 0.06294751 0.04687428 1.11535645 0.07815027
 0.11686063 0.04687262 6.33023405 0.04687166]","[0.01562786 0.01153016 0.01562309 0.01562905 0.66608405 0.04690337
 0.06995726 0.04687262 5.08991885 0.        ]","[0.         0.0201602  0.03167343 0.01561666 0.38279128 0.01562047
 0.0156517  0.         0.72118425 0.04687166]"
74,10,gaussian,"[-2.22894467e-01  3.38035011e-01 -7.76455875e-02  2.93654771e-02
 -1.77784778e-01 -1.40772935e-01  7.06305013e-04 -2.37784250e-01
 -7.34629655e-01  6.82722449e-01]","[ 0.1723551   0.09683646  0.11723694  0.13583433  0.13004236  0.12138932
  0.12334908  0.10351888 -0.01972051  0.14209597]","[0.41382245 0.45158177 0.44138153 0.43208283 0.43497882 0.43930534
 0.43832546 0.44824056 0.50986026 0.42895202]","[0.01564455 4.18976903 4.02467632 3.59602284 0.04687309 0.07856536
 0.09418821 0.09418297 0.0785594  6.34383607]","[0.01564455 2.6923306  2.80934477 2.25414491 0.04687309 0.04729319
 0.04026914 0.04626513 0.05741978 5.23273993]","[0.         0.89609981 0.73039722 0.72835565 0.         0.01565146
 0.01562047 0.01564646 0.01561952 0.55196857]"
75,10,gaussian,"[-0.26294869  0.25801404  0.10511386 -0.28687044 -0.15313498 -0.09888691
  0.16028217 -0.7736172   0.08568699  0.65195458]","[0.13933441 0.08676706 0.13018586 0.13690501 0.13313178 0.12862791
 0.08187902 0.11717846 0.02116829 0.13269754]","[0.43033279 0.45661647 0.43490707 0.43154749 0.43343411 0.43568604
 0.45906049 0.44141077 0.48941586 0.43365123]","[0.0156548  0.06249666 3.64164209 4.31964445 0.04686761 0.06683636
 0.06241941 0.07854033 0.04689884 0.03167081]","[0.         0.01562977 2.59505963 3.04332709 0.01562691 0.03399634
 0.01562285 0.03125334 0.03127027 0.01563001]","[0.         0.0312407  0.57212281 0.66959858 0.01561284 0.01563168
 0.01552105 0.         0.         0.00351739]"
76,10,gaussian,"[-0.27955684  0.45010025 -0.03164105 -0.07385829  0.69155016  0.00309295
  0.53440971 -0.39219603 -0.10073297  0.49248731]","[ 0.12900214  0.09159263  0.15249067  0.13792257  0.18440842  0.12422466
  0.12959054  0.16332868 -0.03964788  0.09688425]","[0.43549893 0.45420368 0.42375467 0.43103871 0.40779579 0.43788767
 0.43520473 0.41833566 0.51982394 0.45155788]","[0.03124309 0.07859516 5.10220385 0.07857776 0.06292057 0.06252408
 0.0624299  0.0785737  0.15946102 6.77417541]","[0.03124309 0.01302505 3.40055895 0.03127885 0.01562858 0.
 0.01552725 0.03167295 0.11202121 5.4079318 ]","[0.         0.03428411 0.95412302 0.02814627 0.01562166 0.01562285
 0.01565862 0.         0.         0.73508811]"
77,10,gaussian,"[-0.22526022 -0.24686262  0.19931354  0.03022394  0.04480391  0.4128993
 -0.41502269 -0.00675954  0.1897115   0.03127648]","[ 0.1366817   0.15173988  0.12795745  0.12698917  0.14816658  0.13707521
  0.08396376 -0.04511288  0.13460514  0.08031129]","[0.43165915 0.42413006 0.43602128 0.43650541 0.42591671 0.4314624
 0.45801812 0.52255644 0.43269743 0.45984435]","[0.01565075 0.04742455 0.03127956 0.06293726 0.03124881 0.04731607
 0.07854414 0.10979724 0.12542915 0.03165555]","[0.01565075 0.         0.         0.06293726 0.         0.02814889
 0.04730964 0.094172   0.10980153 0.02113938]","[0.         0.01563048 0.01565552 0.         0.         0.01564908
 0.01561499 0.01562524 0.01562762 0.01051617]"
78,10,gaussian,"[-0.38286759  0.49476227  0.02887334 -0.16232933 -0.2020613   0.21114378
  0.1609526  -0.00693471  0.28078512  0.23590394]","[0.16177608 0.0910274  0.12577275 0.15864538 0.19822311 0.09828141
 0.07168524 0.08447673 0.04675516 0.05831503]","[0.41911196 0.4544863  0.43711362 0.42067731 0.40088844 0.45085929
 0.46415738 0.45776163 0.47662242 0.47084249]","[0.03125    4.31909943 0.06283808 0.0473125  0.04687929 0.0629437
 0.04939508 0.06252503 0.05442095 0.06292772]","[0.0156312  2.67361856 0.         0.         0.01563549 0.04689384
 0.01814294 0.04689598 0.02314401 0.0468936 ]","[0.         1.0016222  0.01401711 0.02164674 0.         0.01604986
 0.01562858 0.         0.01565695 0.01451874]"
79,10,gaussian,"[-0.2882959  -0.0468281   0.1024273   0.02339265 -0.14410193  0.11388926
 -0.13229386  0.0873138   0.68934771  0.16671518]","[0.16782774 0.17105559 0.13619838 0.14549003 0.11947762 0.05851483
 0.10512871 0.03193931 0.05343104 0.06921812]","[0.41608613 0.41447221 0.43190081 0.42725499 0.44026119 0.47074259
 0.44743565 0.48403035 0.47328448 0.46539094]","[0.01562548 0.06294131 3.92577124 0.0629456  0.04687166 0.06252217
 0.03168559 0.04688334 0.0316534  0.03124738]","[0.         0.0156548  2.80599952 0.01562786 0.01562214 0.04689598
 0.         0.01562548 0.0281353  0.01562333]","[0.         0.03166795 0.53407192 0.03167129 0.         0.01562619
 0.00652003 0.01562643 0.         0.        ]"
80,10,gaussian,"[-0.27519869 -0.22010454  0.17244281 -0.77986859  0.26804593  0.41008713
  0.43114757  0.03453417  0.11927327  0.09227022]","[ 0.18727734  0.17140786  0.14274836  0.13277615  0.15575226  0.10375378
 -0.17701944  0.07602317  0.0300428   0.13265186]","[0.40636133 0.41429607 0.42862582 0.43361192 0.42212387 0.44812311
 0.58850972 0.46198841 0.4849786  0.43367407]","[0.03426886 0.05991244 0.04730797 4.22897315 3.82304502 0.09377146
 0.45130014 0.03124213 0.07857418 6.53065062]","[3.01575661e-03 2.86395550e-02 7.01570511e-03 2.64931464e+00
 2.65413785e+00 6.25019073e-02 3.47969532e-01 0.00000000e+00
 3.16722393e-02 4.91813493e+00]","[0.         0.01565099 0.02464294 1.01756549 0.53610992 0.01565075
 0.0625329  0.         0.01565313 0.80042577]"
81,10,gaussian,"[-0.24921236 -0.12196124  0.09157758  0.7864177   0.52273588  0.10580635
 -0.45026113 -0.80009685  0.72477437  0.1183449 ]","[0.15606488 0.1628822  0.14734845 0.12880408 0.16726886 0.16271925
 0.01850555 0.10203921 0.08375542 0.28698992]","[0.42196756 0.4185589  0.42632578 0.43559796 0.41636557 0.41864037
 0.49074722 0.44898039 0.45812229 0.35650504]","[7.02834129e-03 4.68704700e-02 6.29301071e-02 3.50462389e+00
 7.27776766e+00 3.99186563e+00 7.81235695e-02 5.99219799e-02
 4.73051071e-02 4.08033609e-01]","[0.00702834 0.01562762 0.01562619 2.36010218 5.62304616 2.54852819
 0.01562762 0.04429841 0.01562643 0.28213549]","[0.         0.01561761 0.01603293 0.44017339 0.86859226 0.85835886
 0.03124881 0.         0.00902724 0.09873676]"
82,10,gaussian,"[-0.09375542 -0.36096423 -0.05205119  0.23658469 -0.12268294  0.41199775
  0.32750688  0.11902794 -0.085044    0.01885118]","[0.14160226 0.15660383 0.10754967 0.15982512 0.14929799 0.11410281
 0.03379627 0.07156407 0.04649488 0.04959504]","[0.42919887 0.42169809 0.44622516 0.42008744 0.42535101 0.4429486
 0.48310186 0.46421796 0.47675256 0.47520248]","[0.20402932 0.04989409 3.99608302 3.87345052 6.45723748 5.80224013
 0.05942106 0.0473175  0.07805014 0.07854557]","[4.72929478e-02 3.01957130e-03 2.62251544e+00 2.61105442e+00
 5.08084273e+00 4.66699100e+00 2.81455517e-02 1.56202316e-02
 4.67715263e-02 4.72869873e-02]","[0.         0.03125262 0.6392529  0.70472026 0.8400867  0.53481364
 0.01565337 0.03169727 0.01562905 0.01563096]"
83,10,gaussian,"[-0.20987509  0.01136452  0.0181019   0.25281011  0.87075735  0.29572262
 -0.05776882  0.09635821  0.3974265  -0.24039085]","[0.16076333 0.12977378 0.20051211 0.0373769  0.1395364  0.08103908
 0.11359672 0.02470892 0.13309904 0.10465437]","[0.41961834 0.43511311 0.39974394 0.48131155 0.4302318  0.45948046
 0.44320164 0.48764554 0.43345048 0.44767281]","[0.01562452 4.15743279 0.01561928 0.43417597 6.40982342 0.08767104
 6.14444041 0.06303883 4.42180538 0.10983443]","[0.         2.91314769 0.         0.27452779 5.16315603 0.03125024
 4.69767094 0.015625   3.14512324 0.08368707]","[0.         0.72567463 0.01561928 0.10219097 0.65340781 0.03124595
 0.84249997 0.01562905 0.76964736 0.02614737]"
84,10,gaussian,"[-0.20804925 -0.26235534  0.00469096  0.70307416 -0.4510278  -0.12194452
 -0.11624673 -0.29479359  0.30715493 -0.41114386]","[ 0.09133837  0.15580015  0.15345266  0.12329071 -0.00333264  0.14454573
  0.09652322  0.16099382  0.10088946  0.01497602]","[0.45433082 0.42209992 0.42327367 0.43835465 0.50166632 0.42772714
 0.45173839 0.41950309 0.44955527 0.49251199]","[0.98830009 4.46752191 0.04687858 3.94371557 0.23526502 6.42495298
 0.04689789 0.65937591 0.07854533 0.04687929]","[0.56382895 2.80277681 0.01563263 2.83305335 0.15714502 4.84581876
 0.01565266 0.27166104 0.04687715 0.03126049]","[0.         1.08536649 0.01562166 0.56326866 0.04686928 0.81716251
 0.0156281  0.32988119 0.01562905 0.0156188 ]"
85,10,gaussian,"[-0.1548297  -0.31287743  0.01741402  0.42001421  0.28904426  0.06392316
  0.03266737  0.3408038   0.25032655 -0.50227199]","[0.14017223 0.13943304 0.15662603 0.10401302 0.10081225 0.09482377
 0.06836689 0.09272984 0.08954068 0.00361708]","[0.42991389 0.43028348 0.42168698 0.44799349 0.44959387 0.45258812
 0.46581656 0.45363508 0.45522966 0.49819146]","[0.03127337 3.80259657 0.03125286 0.04731894 0.10982704 0.10981917
 0.08015013 0.07855177 0.07856035 0.06250191]","[0.01562214 2.69543982 0.         0.02117372 0.03167272 0.04731703
 0.04688025 0.04578447 0.04728723 0.04687643]","[0.         0.59712887 0.01562476 0.01052356 0.01562643 0.03124809
 0.01764226 0.00152016 0.01562357 0.        ]"
86,10,gaussian,"[-0.17459302  0.13421766 -0.01346898 -0.15815353  0.32250303  0.03216531
  0.6328703   0.10515442  0.69507746 -0.03379705]","[0.15147259 0.14974453 0.10399421 0.03162259 0.08313216 0.06925451
 0.13904129 0.18028368 0.11986588 0.08377889]","[0.42426371 0.42512773 0.44800289 0.4841887  0.45843392 0.46537275
 0.43047936 0.40985816 0.44006706 0.45811056]","[0.01564336 0.07853961 3.85400558 0.04728341 0.08014822 0.08617544
 0.0781498  0.0468986  6.80651021 0.04730988]","[0.         0.04728127 2.46610403 0.02013588 0.04890013 0.03128099
 0.04690242 0.01565242 5.48308539 0.01562166]","[0.         0.01563072 0.70017147 0.         0.01562405 0.01562643
 0.01562238 0.         0.69702721 0.01604295]"
87,10,gaussian,"[-0.21015461 -0.3598436   0.12551825 -0.4938527   0.16796055  0.39402069
  0.6076614  -0.59573733 -0.16365437 -0.2165618 ]","[0.14097167 0.1204873  0.1254231  0.11272158 0.04721852 0.11946202
 0.11556139 0.20659147 0.11702607 0.08208698]","[0.42951417 0.43975635 0.43728845 0.44363921 0.47639074 0.44026899
 0.4422193  0.39670427 0.44148697 0.45895651]","[0.05140114 4.19435668 0.04689717 3.78832173 0.07853651 0.06250215
 3.66012168 0.0489037  0.03127718 0.06297708]","[0.         2.60649991 0.         2.58416462 0.04176545 0.03125787
 2.41571307 0.01562119 0.         0.01562738]","[0.         1.06161427 0.         0.59353876 0.03677106 0.01561379
 0.6061492  0.         0.01563048 0.03172421]"
88,10,gaussian,"[-0.22590024 -0.31479843  0.20245102 -0.50718559  0.16188997  0.31061309
  0.83765093 -0.45876542  0.37742478  0.67852562]","[0.13492078 0.10571848 0.10563128 0.16210014 0.1413779  0.1811904
 0.22785954 0.0996149  0.0486036  0.06712177]","[0.43253961 0.44714076 0.44718436 0.41894993 0.42931105 0.4094048
 0.38607023 0.45019255 0.4756982  0.46643912]","[0.03125286 4.21057057 4.07024503 4.19333434 0.07856464 0.06291914
 0.08014798 0.0625205  0.06297827 0.07855463]","[0.01562238 2.61306262 2.64901876 2.68927193 0.0156188  0.02015328
 0.04889846 0.01561737 0.01563478 0.03127408]","[0.         1.09848213 0.87416005 0.85818386 0.02115202 0.03124094
 0.01562405 0.01565385 0.02369332 0.01603174]"
89,10,gaussian,"[-0.02125103 -0.07174774 -0.06880154 -0.82919994  0.02281342  0.20101777
  1.43653121 -0.38790447  0.0797132   0.86957288]","[0.12959471 0.08834495 0.08228617 0.13089188 0.18443631 0.23223096
 0.16384914 0.11442535 0.02150907 0.26892169]","[0.43520265 0.45582752 0.45885692 0.43455406 0.40778185 0.38388452
 0.41807543 0.44278732 0.48924547 0.36553915]","[0.01562166 0.06294131 0.0785439  0.06252456 0.07855272 0.04729533
 0.12545967 0.04688001 0.07504249 0.25080085]","[0.01562166 0.01562476 0.04729462 0.01564837 0.0462873  0.02464962
 0.09420848 0.03125167 0.01561809 0.13186359]","[0.         0.01562595 0.015625   0.01564002 0.01663733 0.01562238
 0.01562524 0.01562834 0.01565385 0.07816029]"
90,10,gaussian,"[-0.29737788  0.18900226 -0.11469862 -0.16470356 -0.49919379  0.14207379
  0.45173305 -0.24236647 -0.20181657 -0.41514003]","[0.16526566 0.12265147 0.06604837 0.15144343 0.12749681 0.11888448
 0.06124144 0.06106658 0.07605117 0.08590077]","[0.41736717 0.43867426 0.46697581 0.42427829 0.4362516  0.44055776
 0.46937928 0.46946671 0.46197441 0.45704961]","[0.01562762 0.04689837 0.04988623 0.0469017  0.09419942 4.73564458
 0.05741549 0.1571238  0.04687834 0.02367163]","[0.         0.01562309 0.01863527 0.         0.03125834 2.75332332
 0.04689789 0.111835   0.01562262 0.00802255]","[0.         0.01565576 0.01562762 0.01565671 0.03170276 0.74095774
 0.         0.01565003 0.01562333 0.        ]"
91,10,gaussian,"[-0.22303822  0.04288138 -0.10268859 -0.36922298 -0.77440202 -0.1684556
  0.39574437  0.40939955  0.26720925  0.01554011]","[ 0.20065037  0.14360134  0.09614996  0.06271759  0.09485903  0.11077813
  0.1057846   0.15778887 -0.03452109  0.0654831 ]","[0.39967481 0.42819933 0.45192502 0.4686412  0.45257048 0.44461094
 0.4471077  0.42110557 0.51726055 0.46725845]","[0.01562071 4.20286441 0.0730412  0.07857513 0.07855749 0.07855701
 0.06291389 3.73689437 0.07857299 0.03124642]","[0.01562071 2.5891912  0.04175615 0.03124738 0.04527235 0.015625
 0.0156188  2.55904078 0.0469048  0.03124642]","[0.         1.10406446 0.01565552 0.03170085 0.01763773 0.03124666
 0.01562691 0.53759241 0.03166819 0.        ]"
92,10,gaussian,"[-0.15620965 -0.03740478 -0.21379994  0.18358934 -0.92867496  0.07405097
  0.48127369 -0.1821305   0.08162324 -0.21495525]","[ 0.18237544  0.15023812  0.16430954  0.08815864  0.04498671  0.16902135
  0.13610073 -0.00674948  0.09008814  0.14549448]","[0.40881228 0.42488094 0.41784523 0.45592068 0.47750665 0.41548933
 0.43194964 0.50337474 0.45495593 0.42725276]","[0.         0.06250834 0.0629468  0.06293607 0.09368682 0.06529856
 0.06296897 0.07857323 0.0624001  6.4995532 ]","[0.         0.04688144 0.03166389 0.02514148 0.04678059 0.03405213
 0.01606822 0.05342817 0.03114915 5.47948623]","[0.         0.01562691 0.         0.         0.01562619 0.
 0.01565099 0.02514505 0.         0.49562287]"
93,10,gaussian,"[-0.05820109 -0.07284678 -0.2208565   0.34269157 -0.77225997  0.0174526
 -0.04953033  0.18372575 -0.23198507  0.01751687]","[0.16699301 0.12620317 0.06078001 0.05685083 0.12360404 0.09273976
 0.07424028 0.05136435 0.02659672 0.15280286]","[0.4165035  0.43689841 0.46961    0.47157459 0.43819798 0.45363012
 0.46287986 0.47431782 0.48670164 0.42359857]","[0.0312531  4.23541427 0.04689765 0.06294441 0.04688621 0.09418011
 0.06251931 0.06295919 0.09418797 6.42734432]","[0.01562309 2.74905753 0.         0.0156486  0.03126073 0.06289077
 0.03126216 0.03167868 0.03166389 5.0773108 ]","[0.         0.96836233 0.03127432 0.03327107 0.         0.01566648
 0.01563287 0.01562762 0.03124118 0.70201206]"
94,10,gaussian,"[ 0.24902135 -0.45935966 -0.20506474  0.53434517 -0.16172682 -0.05319689
 -0.056379    0.01363253  0.11337532 -0.07216824]","[0.11210125 0.0949063  0.09485744 0.13951537 0.16228575 0.12393678
 0.12199787 0.12527787 0.09179506 0.1023268 ]","[0.44394937 0.45254685 0.45257128 0.43024232 0.41885713 0.43803161
 0.43900106 0.43736106 0.45410247 0.4488366 ]","[1.08295918 0.04686904 0.039294   0.07856131 0.07853985 0.0624969
 0.03679371 0.28257561 0.09415889 0.03127909]","[0.73651981 0.01562285 0.0236702  0.03328586 0.03125238 0.01561999
 0.         0.18936634 0.03124452 0.01565146]","[0.01561975 0.01562548 0.         0.01562548 0.015625   0.01562738
 0.01566029 0.0156188  0.03124857 0.        ]"
95,10,gaussian,"[-0.11924901 -0.10999586 -0.01815101 -0.24184744  1.51336573  0.07258848
  1.11399367  0.28890167 -0.14862671 -0.36306674]","[ 0.11908324  0.11819251  0.12138291  0.13839932  0.12166115  0.14166228
  0.28713736  0.10600346 -0.02360488  0.34342923]","[0.44045838 0.44090375 0.43930855 0.43080034 0.43916942 0.42916886
 0.35643132 0.44699827 0.51180244 0.32828538]","[0.01564145 0.07196045 4.25944901 4.29978228 0.0629158  0.06252646
 1.88422871 0.40804505 0.06293392 0.48660564]","[0.         0.0377717  2.5440681  2.71879959 0.02113891 0.04690576
 0.84095192 0.11491394 0.03166366 0.30893683]","[0.         0.01564789 0.94233775 0.87358737 0.01563144 0.01562071
 0.80292082 0.01052547 0.01565266 0.16203952]"
96,10,gaussian,"[-0.05137022 -0.19338048 -0.09532703  0.39296002 -0.21884725 -0.30324394
  0.00830656  0.79616332 -0.35991487  0.30807817]","[0.07789148 0.16423954 0.12184296 0.12725702 0.13718597 0.03899973
 0.11393583 0.18392264 0.07944779 0.01403248]","[0.46105426 0.41788023 0.43907852 0.43637149 0.43140701 0.48050013
 0.44303208 0.40803868 0.4602761  0.49298376]","[1.09977102 0.23826218 0.06252432 0.09420133 0.06294942 0.07854843
 6.3717494  0.0619235  0.07856202 0.09420419]","[0.67959261 0.16921496 0.03124785 0.01561761 0.01562715 0.03677201
 4.93320036 0.01563144 0.04729056 0.0469017 ]","[0.         0.01562595 0.         0.03170443 0.01502943 0.01563096
 0.7416327  0.04629207 0.01562309 0.03166962]"
97,10,gaussian,"[ 4.86606060e-04 -3.19327907e-01 -1.47205967e-01  5.36896729e-01
 -2.00885684e-01 -2.42504302e-01 -1.49682556e-01  8.90821677e-01
 -3.63727162e-01 -6.14427501e-01]","[0.11468982 0.14289142 0.12433188 0.1658323  0.17872102 0.15926129
 0.09909151 0.0506118  0.04027587 0.15692036]","[0.44265509 0.42855429 0.43783406 0.41708385 0.41063949 0.42036935
 0.45045425 0.4746941  0.47986206 0.42153982]","[0.01562595 0.06250095 0.04080534 0.04376101 0.0469048  0.04987931
 0.04690003 0.07855844 0.04729009 0.37635756]","[0.         0.03126335 0.02515292 0.01563215 0.01564622 0.0468657
 0.         0.04728723 0.03065062 0.23527098]","[0.         0.01562476 0.01565242 0.         0.01562881 0.
 0.0156219  0.01565099 0.01562309 0.09831786]"
98,10,gaussian,"[ 0.03431212 -0.04694059 -0.04792292  0.59945969  0.60438985 -0.2178718
  0.19416433  0.38497941 -0.46592316 -0.25513071]","[0.12212325 0.16159144 0.1408064  0.17644181 0.13989477 0.13803369
 0.12520298 0.14012513 0.03466195 0.02524611]","[0.43893838 0.41920428 0.4295968  0.4117791  0.43005261 0.43098316
 0.43739851 0.42993743 0.48266903 0.48737694]","[0.02366877 3.37550473 4.61984372 3.42980099 2.82544184 0.03165817
 0.03124571 0.03577209 0.05843878 0.04728889]","[0.         2.21380162 2.81256843 2.26620126 1.88541317 0.01562119
 0.         0.         0.02715635 0.0156219 ]","[0.         0.6263001  1.1874795  0.63424659 0.42094874 0.01603699
 0.01562285 0.01562285 0.01565695 0.01562762]"
99,10,gaussian,"[-0.03135072 -0.05679167 -0.15397236  0.63158851  0.35567703 -0.26662891
 -0.25886704  0.61999519 -0.59408649 -0.12795521]","[ 0.06586765  0.1297659   0.13047465  0.12121527  0.15447864  0.11707097
  0.16461207  0.10408545  0.01144917 -0.01923167]","[0.46706618 0.43511705 0.43476268 0.43939237 0.42276068 0.44146451
 0.41769397 0.44795728 0.49427541 0.50961584]","[0.81880188 0.03124475 3.05258203 0.03124833 0.04080057 0.03125048
 0.04735351 4.5115931  0.07853389 0.109833  ]","[0.48625708 0.         1.92472291 0.         0.01561952 0.01562715
 0.01565027 3.55360651 0.01715899 0.09425735]","[0.01562762 0.01562309 0.59497714 0.01562214 0.02518106 0.
 0.01607752 0.45416069 0.         0.        ]"
